,cod_provincia,ds_provincia,2008T1_Agricultura,2008T1_Construccion,2008T1_Industria,2008T1_ParadosActivos,2008T1_Servicios,2008T2_Agricultura,2008T2_Construccion,2008T2_Industria,2008T2_ParadosActivos,2008T2_Servicios,2008T3_Agricultura,2008T3_Construccion,2008T3_Industria,2008T3_ParadosActivos,2008T3_Servicios,2008T4_Agricultura,2008T4_Construccion,2008T4_Industria,2008T4_ParadosActivos,2008T4_Servicios,2009T1_Agricultura,2009T1_Construccion,2009T1_Industria,2009T1_ParadosActivos,2009T1_Servicios,2009T2_Agricultura,2009T2_Construccion,2009T2_Industria,2009T2_ParadosActivos,2009T2_Servicios,2009T3_Agricultura,2009T3_Construccion,2009T3_Industria,2009T3_ParadosActivos,2009T3_Servicios,2009T4_Agricultura,2009T4_Construccion,2009T4_Industria,2009T4_ParadosActivos,2009T4_Servicios,2010T1_Agricultura,2010T1_Construccion,2010T1_Industria,2010T1_ParadosActivos,2010T1_Servicios,2010T2_Agricultura,2010T2_Construccion,2010T2_Industria,2010T2_ParadosActivos,2010T2_Servicios,2010T3_Agricultura,2010T3_Construccion,2010T3_Industria,2010T3_ParadosActivos,2010T3_Servicios,2010T4_Agricultura,2010T4_Construccion,2010T4_Industria,2010T4_ParadosActivos,2010T4_Servicios,2011T1_Agricultura,2011T1_Construccion,2011T1_Industria,2011T1_ParadosActivos,2011T1_Servicios,2011T2_Agricultura,2011T2_Construccion,2011T2_Industria,2011T2_ParadosActivos,2011T2_Servicios,2011T3_Agricultura,2011T3_Construccion,2011T3_Industria,2011T3_ParadosActivos,2011T3_Servicios,2011T4_Agricultura,2011T4_Construccion,2011T4_Industria,2011T4_ParadosActivos,2011T4_Servicios,2012T1_Agricultura,2012T1_Construccion,2012T1_Industria,2012T1_ParadosActivos,2012T1_Servicios,2012T2_Agricultura,2012T2_Construccion,2012T2_Industria,2012T2_ParadosActivos,2012T2_Servicios,2012T3_Agricultura,2012T3_Construccion,2012T3_Industria,2012T3_ParadosActivos,2012T3_Servicios,2012T4_Agricultura,2012T4_Construccion,2012T4_Industria,2012T4_ParadosActivos,2012T4_Servicios,2013T1_Agricultura,2013T1_Construccion,2013T1_Industria,2013T1_ParadosActivos,2013T1_Servicios,2013T2_Agricultura,2013T2_Construccion,2013T2_Industria,2013T2_ParadosActivos,2013T2_Servicios,2013T3_Agricultura,2013T3_Construccion,2013T3_Industria,2013T3_ParadosActivos,2013T3_Servicios,2013T4_Agricultura,2013T4_Construccion,2013T4_Industria,2013T4_ParadosActivos,2013T4_Servicios,2014T1_Agricultura,2014T1_Construccion,2014T1_Industria,2014T1_ParadosActivos,2014T1_Servicios,2014T2_Agricultura,2014T2_Construccion,2014T2_Industria,2014T2_ParadosActivos,2014T2_Servicios,2014T3_Agricultura,2014T3_Construccion,2014T3_Industria,2014T3_ParadosActivos,2014T3_Servicios,2014T4_Agricultura,2014T4_Construccion,2014T4_Industria,2014T4_ParadosActivos,2014T4_Servicios,2015T1_Agricultura,2015T1_Construccion,2015T1_Industria,2015T1_ParadosActivos,2015T1_Servicios,2015T2_Agricultura,2015T2_Construccion,2015T2_Industria,2015T2_ParadosActivos,2015T2_Servicios,2015T3_Agricultura,2015T3_Construccion,2015T3_Industria,2015T3_ParadosActivos,2015T3_Servicios,2015T4_Agricultura,2015T4_Construccion,2015T4_Industria,2015T4_ParadosActivos,2015T4_Servicios,2016T1_Agricultura,2016T1_Construccion,2016T1_Industria,2016T1_ParadosActivos,2016T1_Servicios,2016T2_Agricultura,2016T2_Construccion,2016T2_Industria,2016T2_ParadosActivos,2016T2_Servicios,2016T3_Agricultura,2016T3_Construccion,2016T3_Industria,2016T3_ParadosActivos,2016T3_Servicios,2016T4_Agricultura,2016T4_Construccion,2016T4_Industria,2016T4_ParadosActivos,2016T4_Servicios,2017T1_Agricultura,2017T1_Construccion,2017T1_Industria,2017T1_ParadosActivos,2017T1_Servicios,2017T2_Agricultura,2017T2_Construccion,2017T2_Industria,2017T2_ParadosActivos,2017T2_Servicios
0,2,Albacete,15.4,23.4,30.8,7.2,114.1,12.2,23.5,32.9,6.7,115.7,13.7,21.9,33.3,8.0,119.7,12.9,23.1,31.2,12.7,113.7,12.7,22.8,34.7,15.1,113.2,10.4,24.7,33.8,12.0,111.6,11.4,23.8,32.0,14.0,113.5,10.5,22.3,29.8,17.6,108.8,10.9,18.5,29.7,21.9,110.2,14.5,17.2,29.7,22.9,111.4,14.5,15.9,25.7,24.6,113.8,14.2,12.2,25.7,26.4,118.0,13.7,13.9,26.0,23.2,117.4,11.7,14.4,27.7,24.4,121.2,15.9,11.9,26.8,26.5,117.9,15.0,12.6,23.7,28.0,116.0,14.8,13.8,22.3,28.3,114.4,14.9,16.1,20.5,30.0,110.0,16.1,15.6,20.5,30.4,103.5,15.5,15.4,19.7,35.6,100.9,12.8,14.1,22.3,35.7,105.7,12.6,11.7,22.2,37.3,108.3,14.1,12.9,21.7,38.8,108.5,15.3,10.5,22.8,35.3,105.3,16.7,10.2,23.6,30.3,107.4,17.0,9.7,24.2,32.3,104.5,19.2,8.1,22.1,30.3,106.8,17.6,7.4,20.6,31.4,110.3,15.1,6.8,19.1,32.2,114.2,16.1,8.8,21.5,29.3,114.9,15.4,10.4,21.1,24.7,117.2,17.0,9.3,19.4,26.0,117.9,14.2,10.5,20.0,28.6,110.2,17.8,10.3,19.4,28.8,109.2,18.0,10.7,20.0,22.3,105.8,17.0,9.8,21.8,23.6,110.8,14.2,9.2,24.2,22.9,116.9,13.8,11.0,23.1,25.7,118.1
1,3,Alicante/Alacant,21.5,134.9,157.5,32.7,536.8,27.8,123.3,149.9,40.3,561.4,36.4,117.6,138.9,37.6,572.1,29.1,100.2,143.5,50.7,596.5,31.2,102.8,134.7,60.2,579.9,34.3,101.7,128.4,58.0,608.1,28.0,104.1,113.4,70.0,612.8,23.5,103.2,110.6,94.1,585.3,22.4,91.3,110.2,94.6,577.9,24.9,96.8,112.7,96.1,563.7,24.2,90.1,117.7,112.6,564.9,18.5,74.5,120.2,129.3,552.9,20.3,73.4,122.3,112.3,543.8,20.9,59.9,135.3,108.4,564.0,22.4,67.6,143.5,114.4,542.4,28.9,72.4,142.9,128.3,535.7,34.1,64.3,145.2,147.2,512.4,32.4,61.7,145.5,131.5,535.8,39.2,55.8,131.4,145.4,527.8,37.8,55.6,127.7,150.4,512.2,37.1,53.2,118.8,151.7,527.9,30.6,52.1,117.3,149.2,551.5,27.4,50.3,98.6,149.4,578.9,28.8,44.7,106.3,165.7,563.0,26.7,45.7,102.7,160.5,552.7,26.1,52.3,115.1,141.4,561.8,23.1,59.9,118.3,135.6,550.8,25.7,51.0,126.0,144.7,541.8,30.6,57.1,120.4,147.0,538.3,38.2,57.4,121.0,138.1,543.6,33.1,50.9,107.7,124.9,580.2,24.8,59.5,104.5,121.5,588.0,22.7,49.5,104.1,121.7,594.5,21.3,53.2,111.8,126.3,616.1,18.4,51.1,118.7,111.5,618.3,16.0,51.0,135.1,87.6,612.2,21.9,56.6,144.7,89.0,593.1,24.7,59.4,152.0,83.3,587.3
2,4,AlmerÃ­a,55.4,66.5,25.1,11.4,176.3,48.9,52.0,24.1,13.7,183.7,48.1,44.9,21.4,19.1,195.8,47.0,48.5,26.8,23.3,205.6,43.9,44.6,31.1,31.5,204.8,48.4,38.9,27.2,37.1,202.6,65.9,39.3,20.7,33.9,193.9,61.9,39.7,17.7,28.1,203.1,71.7,39.7,13.8,34.2,204.4,67.3,31.0,15.7,39.2,203.2,70.9,28.3,13.2,37.6,200.7,76.3,26.9,16.3,35.5,203.2,67.8,31.1,17.6,48.3,199.9,85.6,23.6,15.5,50.8,180.3,75.3,21.6,12.2,58.9,192.6,71.7,19.2,9.7,62.3,195.4,70.2,19.4,9.5,67.0,195.1,60.1,19.3,11.5,63.9,201.4,62.2,17.6,15.9,69.6,195.5,60.2,16.9,13.1,65.9,201.2,52.4,19.7,14.7,57.3,215.4,63.6,22.1,12.5,55.2,210.8,57.0,20.9,11.7,53.2,206.9,52.4,21.8,11.0,61.3,211.6,56.7,19.0,7.9,66.4,211.9,45.0,13.9,8.9,80.7,205.2,44.8,13.5,12.5,82.6,194.6,55.2,17.1,10.5,73.6,197.9,57.0,15.0,10.9,64.6,196.4,54.3,17.5,12.4,60.4,196.4,68.4,21.1,10.9,53.6,186.2,74.1,20.2,11.4,43.1,182.4,82.9,19.6,15.8,34.7,181.3,86.8,17.3,15.1,35.9,177.9,86.0,21.8,20.1,38.1,176.0,89.2,20.2,17.1,38.2,183.4,93.5,18.0,16.6,37.5,181.6,92.2,15.1,19.4,32.8,185.6
3,1,Araba/Ã�lava,2.5,15.0,51.1,2.3,87.2,2.4,12.9,50.9,2.7,93.6,2.8,10.8,50.0,2.9,100.7,3.4,14.2,47.3,1.6,101.2,3.3,12.4,47.5,2.6,100.7,3.1,14.8,44.7,2.8,97.7,3.6,12.0,44.1,6.0,97.3,3.8,11.3,42.2,8.3,99.3,2.9,12.9,41.3,8.6,98.7,3.3,14.0,43.7,7.1,97.8,2.6,13.0,44.6,7.8,94.3,3.7,9.5,49.5,9.1,94.7,2.2,7.5,52.9,10.6,94.0,2.4,7.8,50.1,8.2,96.3,2.4,9.4,43.9,8.2,102.1,1.6,8.9,43.5,12.7,100.5,2.2,8.9,39.6,12.2,99.3,2.2,9.8,36.0,14.5,99.5,3.4,7.5,35.6,14.0,103.5,3.6,8.3,35.7,18.5,99.7,4.8,8.6,38.5,16.4,96.0,4.6,7.5,36.1,15.4,100.9,4.5,7.8,37.4,16.7,96.6,4.8,8.1,35.8,17.6,97.1,3.3,8.6,32.7,20.1,97.3,3.0,8.7,34.9,18.0,99.0,2.0,7.2,37.1,18.2,93.6,1.3,7.7,39.9,19.1,94.2,1.7,6.5,39.0,20.1,95.2,2.1,5.4,44.4,15.3,91.6,3.8,3.2,46.0,11.6,88.7,2.9,2.8,46.3,10.0,95.9,4.2,2.9,43.9,9.0,96.1,3.9,3.0,44.2,11.0,91.4,2.3,3.4,44.4,10.6,93.9,4.0,5.7,43.8,12.6,90.8,4.5,5.2,41.4,11.5,89.3,3.8,6.8,41.2,11.7,89.3
4,33,Asturias,21.4,55.9,72.7,20.2,320.0,22.2,60.3,69.3,15.5,332.0,22.3,57.1,78.2,19.2,330.7,18.0,55.3,73.5,19.9,330.7,17.1,47.9,70.3,21.6,337.9,17.6,45.5,65.5,28.3,336.2,17.7,46.4,65.8,30.0,332.6,17.3,48.8,66.0,30.4,326.0,18.8,46.0,64.4,33.8,328.5,15.2,46.6,63.5,42.1,322.6,15.0,46.8,64.1,36.2,329.7,15.0,46.5,61.7,39.7,324.0,14.4,45.5,63.3,42.5,320.1,16.3,44.3,61.6,41.0,329.9,17.7,44.1,60.8,39.5,326.0,17.5,43.1,57.1,43.9,326.0,17.6,38.7,60.0,45.3,320.5,17.2,42.6,64.8,52.8,316.0,17.7,40.6,66.0,59.4,310.5,17.6,36.9,63.0,60.7,311.4,18.3,34.8,60.6,70.2,310.7,17.6,30.5,57.8,71.5,303.8,19.8,28.7,59.8,72.0,307.7,17.8,24.7,62.3,68.8,310.5,17.9,23.7,64.2,66.1,308.5,18.3,21.0,64.9,62.0,308.4,16.4,24.8,67.5,61.2,310.2,13.8,28.0,66.0,60.3,305.5,12.7,26.0,64.2,51.4,304.7,12.6,23.6,61.1,56.3,307.7,13.3,24.7,60.7,54.8,315.0,13.2,22.5,55.2,62.8,317.4,12.6,21.9,58.3,55.5,318.1,14.1,23.4,61.3,56.7,317.3,14.3,25.8,60.3,53.8,320.4,14.0,23.9,64.7,42.5,316.0,13.6,23.3,64.2,37.1,321.3,15.7,26.0,62.9,35.4,321.5
5,5,Ã�vila,7.0,13.4,10.7,2.1,44.7,8.3,13.2,11.2,2.1,43.1,8.1,13.4,10.4,2.7,43.8,7.9,13.3,9.0,3.5,43.8,8.6,13.1,9.9,4.6,41.8,7.9,13.6,9.5,5.0,41.1,8.3,14.0,6.8,6.2,42.8,7.7,13.1,7.3,7.2,40.0,7.1,13.3,7.1,8.7,39.3,6.4,12.2,7.7,7.8,40.0,7.6,13.0,6.8,7.8,41.8,8.9,11.1,6.5,7.5,42.6,7.4,8.7,6.5,10.1,43.0,6.6,8.5,6.2,9.9,46.2,6.4,9.3,6.8,10.3,46.3,7.3,8.2,6.8,9.5,45.5,8.6,7.4,6.6,8.8,46.2,8.4,8.6,6.6,9.4,46.8,8.3,7.8,7.7,10.5,46.2,8.8,8.0,7.7,9.7,43.6,8.3,7.0,7.0,11.2,43.9,7.1,6.6,6.0,11.2,45.6,6.1,6.7,6.4,10.1,50.1,7.5,6.7,6.5,11.7,46.4,6.8,6.4,6.6,12.1,45.0,6.9,5.9,6.5,12.7,43.5,7.1,5.9,6.3,11.3,44.2,6.7,7.2,6.0,12.0,42.6,7.1,6.5,5.1,11.9,42.5,7.5,6.4,5.9,11.6,45.0,6.4,6.6,6.0,10.4,47.2,5.2,5.5,5.7,9.5,46.8,6.1,5.9,4.7,13.5,46.2,6.4,5.3,5.6,9.5,49.7,7.0,5.0,6.0,8.7,51.8,6.3,5.1,6.9,7.1,51.5,5.7,5.8,7.6,7.7,50.3,5.4,5.6,8.0,6.5,52.3
6,6,Badajoz,29.0,38.4,30.9,14.0,188.5,32.3,41.5,32.8,19.4,180.6,35.6,39.2,34.3,17.6,185.6,32.5,44.0,32.8,18.9,184.9,33.3,41.1,34.9,22.7,184.0,35.8,36.1,38.2,21.0,185.8,37.7,32.8,33.7,23.6,186.4,37.2,32.6,30.1,28.1,187.2,34.6,33.5,29.7,27.6,189.5,37.0,30.5,28.5,36.2,190.0,37.3,27.5,26.3,35.5,195.3,27.8,31.4,28.7,39.6,197.2,30.0,33.3,28.0,41.2,192.6,30.9,31.4,26.4,43.0,192.7,30.1,27.7,26.5,37.0,192.0,36.8,25.7,27.7,43.6,182.5,34.0,25.6,27.7,49.4,182.6,37.7,24.9,28.3,51.8,173.0,38.6,23.2,31.0,54.8,181.3,38.6,22.4,29.7,56.0,184.6,35.7,21.2,32.1,51.9,189.8,34.8,20.7,30.7,55.3,184.5,32.5,20.4,26.7,61.7,181.6,32.7,19.3,25.2,56.3,184.4,35.6,21.5,28.8,50.5,177.8,36.2,23.8,26.7,52.1,175.7,40.0,21.7,24.6,50.4,178.3,37.6,20.2,26.5,51.8,182.2,32.6,22.7,25.6,50.6,182.9,34.6,25.4,26.6,50.2,178.0,36.7,21.5,26.5,48.2,186.2,43.1,18.1,25.8,45.1,186.1,38.0,20.2,28.6,45.4,190.0,35.4,20.6,27.5,48.6,189.0,38.2,19.2,26.1,51.1,185.0,39.0,17.2,26.0,52.7,185.9,40.3,15.8,24.9,56.4,179.4,40.2,17.3,25.2,51.3,185.5
7,7,"Balears, Illes",6.4,93.3,50.7,13.3,382.9,7.3,95.5,40.8,13.6,419.6,5.6,95.8,41.8,17.1,432.8,6.5,90.1,45.0,12.3,415.7,8.2,95.5,46.0,23.0,391.9,7.8,90.2,40.9,28.7,432.1,7.3,87.8,44.4,26.5,446.6,6.6,80.8,44.1,36.6,414.9,7.1,71.0,39.4,42.6,416.0,6.5,71.5,42.1,51.8,443.1,5.3,62.6,40.7,51.8,459.1,5.3,63.2,42.7,49.9,424.2,6.7,60.3,40.8,54.1,412.3,8.1,56.1,38.4,52.9,442.2,8.2,61.3,39.0,50.6,462.2,10.1,59.6,39.1,57.8,421.0,8.9,61.4,41.6,59.8,421.8,6.7,57.7,36.6,65.1,455.5,5.1,53.4,36.7,73.3,470.2,5.8,45.3,34.9,71.7,445.0,4.9,48.5,29.4,72.4,446.0,6.3,46.7,28.0,66.2,482.6,5.9,43.1,29.2,67.0,483.7,6.5,43.5,31.9,70.1,436.4,7.7,45.5,28.4,65.2,424.2,6.4,48.7,29.5,62.7,472.4,6.2,50.3,36.3,59.5,481.5,5.3,49.2,40.6,57.9,436.9,6.9,57.1,37.4,61.0,424.2,6.6,55.0,38.6,53.3,475.8,6.1,52.9,41.8,48.2,495.8,4.3,50.7,39.7,44.7,465.0,5.9,52.4,40.1,41.8,461.7,5.0,54.1,37.8,39.2,493.1,3.8,54.6,38.1,37.5,506.4,3.8,57.6,36.6,38.0,457.5,3.6,59.3,38.6,32.2,454.3,4.3,57.9,42.6,31.3,490.5
8,8,Barcelona,24.4,299.3,646.4,85.7,1836.2,20.4,309.9,625.2,75.4,1875.2,16.9,302.1,611.3,81.7,1881.0,17.7,312.0,598.9,122.0,1867.8,15.4,311.0,583.7,169.9,1837.8,14.9,302.2,564.6,158.7,1840.3,15.4,281.3,541.8,177.7,1876.3,18.3,287.9,538.5,200.9,1850.3,20.1,272.7,532.0,239.3,1834.1,23.4,245.4,523.5,273.1,1850.5,25.1,228.1,523.1,288.3,1871.4,18.8,204.1,511.0,318.3,1867.9,14.1,215.4,468.8,330.3,1903.7,9.9,204.7,475.6,298.4,1938.4,13.4,203.5,467.8,333.1,1919.9,13.6,195.3,478.9,347.9,1875.0,12.6,183.9,477.6,362.8,1867.1,13.5,170.3,480.8,368.9,1839.4,14.3,158.3,491.9,383.1,1834.9,12.1,153.2,467.2,416.5,1825.4,13.1,147.2,461.0,429.5,1815.0,12.6,142.1,451.1,431.4,1780.5,13.0,158.2,441.3,425.9,1796.4,10.7,155.5,432.2,375.5,1842.5,12.1,141.5,418.5,392.9,1843.6,14.3,137.3,443.2,372.4,1823.5,11.7,136.3,454.9,364.4,1806.7,13.3,150.1,446.3,373.0,1813.5,13.0,141.7,446.9,377.7,1790.5,11.2,132.1,464.0,367.6,1814.0,12.8,132.2,469.0,308.3,1830.7,9.3,137.2,460.9,307.6,1856.9,11.3,128.6,454.1,310.0,1892.7,11.1,137.0,465.1,276.1,1914.9,10.7,143.0,457.9,271.0,1909.4,11.4,139.2,457.7,271.2,1921.4,13.2,149.1,452.4,242.3,1959.2,11.3,151.7,443.7,224.6,1950.4
9,48,Bizkaia,11.7,58.4,104.1,18.1,358.8,7.5,58.5,100.8,16.4,380.1,9.2,60.0,100.0,17.1,379.0,9.1,57.9,101.8,21.6,373.1,9.7,57.9,99.1,24.4,370.8,6.3,52.0,104.1,28.3,368.8,7.0,50.1,100.8,30.3,370.0,6.9,47.8,97.3,33.3,369.0,6.4,44.6,94.1,29.2,380.6,5.3,48.6,93.8,34.0,395.8,5.2,48.4,92.5,31.7,386.3,4.1,46.3,93.0,40.5,388.8,3.2,45.1,83.7,39.1,399.7,3.9,46.2,86.0,41.1,392.3,5.2,39.0,87.9,46.4,393.5,5.5,40.9,81.3,54.0,391.1,5.9,36.6,82.1,42.7,392.7,7.7,37.0,93.4,47.0,380.4,6.7,31.8,84.5,57.6,383.7,6.8,36.8,84.9,57.7,388.8,8.0,35.9,83.0,59.3,379.3,7.6,33.3,81.6,54.2,375.9,4.6,37.2,81.9,57.0,363.2,4.7,39.1,77.8,59.5,369.4,6.1,35.7,76.9,63.5,358.9,6.8,31.7,76.1,59.1,370.8,5.9,33.0,72.4,56.1,367.6,7.0,29.5,69.2,71.4,377.5,6.9,34.1,76.2,61.3,370.3,6.6,32.2,72.2,59.9,366.0,6.2,30.6,79.4,51.1,362.1,5.8,32.6,77.4,50.0,371.2,5.6,33.4,93.7,44.8,359.7,6.1,33.2,92.2,46.2,359.6,7.0,35.0,94.0,50.9,361.0,9.1,32.3,101.2,48.2,354.6,9.2,30.8,97.1,41.0,362.3,8.0,30.4,96.7,42.1,363.6
10,9,Burgos,13.5,22.1,42.0,4.5,110.4,10.0,23.3,44.4,5.5,107.7,10.2,22.0,45.7,6.2,107.9,11.6,21.0,44.5,7.6,108.9,10.9,20.8,43.0,8.2,105.8,9.9,21.3,39.1,8.9,105.3,11.4,15.3,45.8,9.0,103.8,11.9,17.2,39.7,8.0,107.9,10.4,17.3,38.3,8.8,108.9,8.5,18.3,37.9,13.1,108.8,7.9,16.4,39.4,13.2,106.9,12.6,16.8,37.7,16.5,103.0,12.8,14.2,35.3,15.6,105.0,11.9,14.7,38.4,12.9,106.3,9.4,15.0,34.0,13.9,110.7,9.9,13.9,34.0,10.9,108.7,9.3,15.3,34.9,12.1,108.2,6.7,14.7,37.1,14.9,111.7,8.0,16.4,36.4,15.0,109.9,8.1,16.3,36.3,17.0,103.8,8.2,15.1,37.7,20.5,100.5,8.0,12.4,40.5,16.7,100.0,9.6,12.8,38.0,18.9,101.1,9.2,11.2,39.4,17.8,101.2,6.5,10.7,43.9,17.7,103.1,6.9,10.3,40.8,17.7,107.6,7.7,11.6,41.3,17.3,104.1,6.3,11.6,40.6,19.6,102.1,7.0,11.0,40.5,19.1,99.2,10.2,12.9,39.2,20.3,93.9,8.3,12.3,38.5,16.3,98.2,9.6,14.1,35.9,17.7,99.7,9.1,11.8,39.6,13.1,106.3,8.4,12.7,38.3,13.4,111.4,9.7,12.4,38.6,9.4,111.7,6.0,13.2,40.3,8.8,109.9,6.8,13.1,37.8,7.5,106.4,5.2,13.0,38.2,9.9,105.6
11,10,CÃ¡ceres,20.6,26.8,19.4,9.3,100.6,20.2,26.9,20.4,8.8,102.6,20.8,25.2,16.6,9.6,105.6,19.0,23.8,14.4,9.3,106.9,19.6,21.7,15.8,11.7,106.8,21.0,22.5,15.4,9.8,105.4,17.6,20.8,13.8,12.7,112.4,15.9,17.2,14.4,13.1,111.4,15.2,21.3,16.0,15.0,108.1,14.9,23.3,18.1,16.2,109.9,16.1,25.3,15.6,17.8,103.7,17.6,22.0,17.0,15.1,105.3,15.2,20.8,18.0,15.8,108.3,16.3,19.8,18.2,16.0,106.4,17.5,17.7,19.0,17.8,106.9,21.5,18.2,17.5,22.0,103.3,19.7,17.6,18.3,23.0,101.3,20.1,17.5,16.9,26.3,100.3,21.1,17.7,19.2,29.2,100.5,19.4,17.7,16.4,30.2,100.8,20.4,15.2,16.3,30.6,102.7,17.8,16.3,15.3,33.5,105.8,19.0,16.0,16.1,34.4,109.2,19.0,10.8,17.0,33.4,108.2,16.5,10.8,18.9,28.6,110.9,15.7,11.6,18.2,28.3,113.7,17.2,11.8,19.2,28.1,116.4,20.3,11.9,17.1,25.9,113.1,20.4,12.4,17.7,31.3,105.6,16.9,15.6,15.7,27.4,113.9,20.1,14.7,16.0,26.2,110.2,16.5,15.1,14.0,25.1,111.4,17.1,16.4,16.9,22.3,109.6,14.0,17.2,13.8,21.2,113.7,16.4,16.0,13.9,19.9,115.0,15.2,14.0,15.4,19.6,114.2,16.5,12.4,15.7,19.4,115.7,16.7,13.1,15.4,19.9,116.0
12,11,CÃ¡diz,20.6,82.0,52.6,37.9,355.6,26.5,75.6,55.5,37.5,362.5,25.3,74.2,51.1,43.0,369.5,23.9,68.1,52.4,44.4,367.0,25.9,64.8,51.9,51.5,367.8,21.0,61.3,51.2,64.8,364.9,22.8,57.2,47.7,62.0,374.9,16.0,57.5,52.5,75.1,364.3,18.2,58.6,49.8,89.1,360.0,16.4,54.9,47.3,84.6,370.9,16.7,53.0,50.5,89.2,368.1,21.4,51.8,48.5,95.4,354.6,20.4,50.8,47.7,95.0,353.3,23.0,48.6,43.7,91.5,370.8,20.4,50.6,48.6,95.9,377.1,21.0,43.4,43.9,102.0,369.9,22.7,44.0,42.4,102.7,361.3,21.5,40.9,46.7,103.8,369.4,20.2,40.7,42.2,117.0,376.5,21.7,33.4,42.6,133.8,357.8,19.4,27.4,41.8,137.6,349.4,17.3,31.5,42.3,143.5,345.2,16.4,35.5,41.0,143.6,349.9,16.2,36.1,37.3,142.9,342.2,20.1,33.5,36.9,159.0,338.6,20.9,30.0,34.8,159.9,346.4,17.1,28.5,35.9,156.8,354.8,17.2,26.0,33.2,156.3,344.4,16.0,29.6,31.1,156.1,351.5,12.6,29.9,36.9,139.7,362.5,13.8,32.7,38.5,142.4,364.3,17.9,35.9,40.7,136.2,351.5,15.8,34.2,41.7,136.4,346.5,14.2,32.0,45.2,132.1,363.1,15.2,29.9,52.6,115.5,369.6,16.9,28.6,49.1,108.4,372.8,16.4,28.9,42.4,112.2,377.2,16.6,25.8,39.5,106.2,379.2
13,39,Cantabria,11.3,39.9,52.9,5.4,174.3,10.6,38.8,52.4,6.3,175.7,9.8,37.2,52.0,5.1,181.7,8.8,34.1,52.8,7.6,181.9,9.8,36.2,48.2,10.0,184.0,11.0,33.9,48.5,10.6,181.9,10.7,32.9,46.3,11.4,185.1,9.4,33.3,44.8,12.6,181.6,8.7,28.4,45.9,17.1,181.2,7.7,29.6,43.0,19.3,185.8,7.5,26.0,40.3,18.1,187.9,7.1,25.8,40.5,19.9,187.2,7.7,25.2,39.2,19.7,186.9,6.9,22.9,43.5,20.0,189.4,7.5,24.2,44.3,22.3,189.1,8.1,24.0,42.7,22.6,188.0,8.4,22.7,44.3,25.9,187.4,7.7,22.4,43.7,25.9,183.1,7.9,22.8,40.4,24.8,187.1,7.0,20.8,39.7,30.5,187.4,8.1,21.7,39.5,30.3,179.6,9.1,20.4,39.3,35.3,173.4,8.8,19.2,40.2,33.8,177.8,8.6,18.9,40.0,32.4,182.2,7.4,15.6,39.2,33.7,182.7,7.3,15.2,38.4,34.7,183.7,6.8,15.1,38.5,37.1,186.6,7.2,14.6,39.6,32.3,184.3,6.0,14.1,37.5,32.3,188.1,7.4,13.7,39.3,31.7,184.1,8.4,14.1,38.5,26.7,191.0,8.4,15.3,36.6,25.5,188.8,8.9,15.9,37.6,27.2,184.2,7.6,19.4,39.1,23.1,187.1,7.6,18.7,38.6,20.6,192.2,6.3,17.8,40.8,20.2,191.4,7.3,16.8,39.3,19.2,191.1,6.4,17.1,37.1,23.8,190.2
14,12,CastellÃ³n/CastellÃ³,13.3,48.2,70.4,6.4,169.9,14.7,45.0,72.4,7.3,171.7,12.7,43.2,75.4,8.8,167.4,11.3,41.0,74.7,9.2,174.3,10.8,41.5,68.7,11.9,174.4,11.7,37.5,66.2,15.1,179.4,9.9,35.4,63.8,21.9,177.2,9.5,34.4,61.0,27.1,177.9,8.9,32.2,54.6,34.8,175.2,10.7,31.3,56.6,38.8,165.1,11.9,28.7,55.9,36.6,173.1,13.5,28.6,53.9,37.1,169.4,10.4,27.4,50.7,42.0,171.5,11.6,24.4,52.7,39.4,169.2,10.7,24.6,49.4,37.3,176.2,13.3,24.4,48.6,38.1,171.6,14.6,22.0,47.8,38.6,169.0,14.3,23.4,48.7,39.9,167.0,15.4,23.1,51.5,39.1,163.5,15.2,21.9,50.2,40.6,165.8,13.4,20.2,52.1,42.9,161.2,13.2,17.9,54.3,45.8,156.5,12.4,16.7,55.2,45.5,161.4,13.0,13.8,53.9,45.7,160.7,13.6,13.3,50.9,48.9,160.2,15.4,12.9,52.9,45.1,162.1,15.3,13.6,50.3,45.6,159.3,16.3,13.4,49.6,39.9,167.5,16.1,13.1,49.8,37.9,166.9,16.5,12.2,47.7,37.7,170.7,14.4,16.4,48.0,33.2,166.6,13.5,16.1,47.2,31.3,166.0,13.2,16.3,51.6,29.2,159.0,11.4,13.5,52.7,27.6,159.8,8.0,16.8,54.2,29.5,158.8,9.9,14.9,58.1,29.0,158.2,10.4,14.9,59.3,27.2,152.1,10.9,14.1,59.2,22.8,157.4
15,13,Ciudad Real,16.5,41.4,32.1,9.4,130.5,14.8,44.1,31.9,11.8,135.4,17.0,41.7,33.3,16.6,130.6,19.3,41.9,32.3,14.5,131.1,20.6,37.8,34.0,14.3,131.9,23.1,37.0,34.2,15.5,134.8,19.8,33.5,33.2,16.2,137.0,21.6,34.1,37.8,18.7,134.8,20.1,34.7,33.3,21.0,138.4,19.6,34.2,32.9,22.4,139.5,20.2,32.9,30.7,20.7,138.8,18.3,31.8,29.6,23.3,139.9,16.2,31.0,29.8,27.3,138.1,17.3,29.2,26.9,31.8,139.4,17.2,28.9,31.1,29.4,133.8,19.8,27.1,30.6,31.9,136.9,21.0,23.4,29.2,37.7,131.8,20.4,22.1,35.7,38.6,125.9,22.3,22.6,33.7,38.3,126.1,22.8,21.8,32.8,40.9,121.5,21.8,22.0,31.2,47.4,119.1,21.5,19.2,27.4,44.7,123.6,22.4,17.7,29.0,42.9,130.0,23.5,16.5,27.7,45.1,128.5,21.6,15.2,26.5,51.0,128.0,19.7,14.6,26.8,50.5,130.9,21.1,15.2,25.5,52.7,133.3,20.6,14.7,26.8,51.3,126.4,18.1,14.1,25.0,49.0,128.5,17.6,13.8,22.4,50.3,131.5,19.5,15.2,23.7,45.3,132.5,16.6,17.9,24.1,42.0,132.7,19.8,17.4,27.2,40.6,129.8,20.1,17.1,26.9,38.1,133.9,20.7,17.7,28.0,35.4,133.5,22.0,16.0,29.4,34.5,134.0,23.2,17.1,29.4,35.6,131.5,23.3,16.4,28.7,34.3,133.0
16,14,CÃ³rdoba,50.6,47.1,41.3,18.5,208.5,37.3,46.1,44.4,23.4,212.4,35.8,42.1,46.3,23.3,219.5,41.9,41.3,42.7,27.9,217.3,60.1,35.0,42.8,28.6,214.5,49.9,38.4,43.1,34.0,216.5,42.6,38.1,37.3,39.0,224.0,51.6,35.8,35.6,39.8,217.2,62.4,30.2,35.5,37.6,220.4,54.0,31.2,39.2,45.3,213.4,47.6,32.0,43.0,45.4,211.7,55.0,29.1,43.8,46.0,211.4,65.2,28.1,37.2,46.2,208.0,52.5,29.9,41.0,51.5,213.9,47.5,32.5,39.8,50.1,211.4,55.9,29.3,40.6,55.1,209.9,61.6,27.6,36.1,54.6,210.2,49.0,26.0,33.9,53.9,213.4,49.0,23.5,35.8,66.5,203.1,55.5,21.8,32.9,64.7,203.9,51.6,21.3,32.6,67.2,206.0,49.0,20.8,30.8,70.7,211.2,50.5,21.4,34.7,73.5,197.2,57.4,17.4,33.3,69.9,203.0,64.5,19.5,31.6,63.5,196.9,53.3,17.7,35.3,62.9,200.3,50.1,16.2,38.0,65.4,200.6,52.4,16.1,34.4,65.8,207.3,50.3,16.5,32.8,56.9,214.8,45.3,17.5,38.4,50.2,223.8,41.6,18.7,37.4,50.6,222.7,50.0,17.3,35.0,53.3,217.9,58.4,17.5,31.2,56.5,215.0,51.6,18.4,32.8,51.5,227.6,50.1,17.7,33.6,55.4,229.3,51.8,18.3,29.4,56.0,222.9,55.2,17.3,31.1,55.7,221.3,49.6,16.3,31.5,53.3,224.7
17,15,"CoruÃ±a, A",32.1,64.4,83.0,20.1,331.1,30.3,61.7,89.8,19.7,339.8,33.0,62.1,87.0,15.7,357.0,29.5,63.2,84.9,17.7,359.0,32.6,61.6,82.4,22.5,361.9,36.1,63.6,84.9,24.7,351.8,35.1,59.8,75.8,24.6,356.1,30.7,61.5,74.9,25.4,361.0,26.8,58.5,71.3,35.4,353.1,27.9,56.0,72.6,37.8,347.1,28.4,53.7,70.4,39.4,354.0,29.3,50.8,69.5,40.4,357.0,28.7,49.4,73.5,41.4,357.6,27.6,47.6,75.0,40.3,359.8,31.7,43.1,76.2,39.7,359.2,31.7,40.5,76.7,40.7,364.0,30.9,40.4,75.4,46.1,365.0,27.0,45.2,71.5,50.1,357.7,27.9,44.6,68.2,48.4,366.2,26.1,40.1,65.9,60.1,363.6,24.1,37.1,64.5,61.7,360.7,27.0,34.8,64.1,65.2,355.7,25.2,33.0,64.6,60.9,355.7,23.9,31.7,61.6,62.4,358.3,22.8,32.3,62.2,66.3,353.0,22.7,32.6,63.4,66.8,356.7,24.8,32.4,66.6,61.5,357.1,23.5,33.3,60.5,60.4,354.6,22.8,35.2,66.7,64.6,346.9,23.2,35.8,67.7,60.5,345.8,22.4,33.7,66.3,56.6,353.4,21.8,33.2,64.2,52.7,357.3,22.4,34.6,65.1,47.1,357.5,23.2,32.2,66.5,48.6,358.9,25.3,32.9,70.1,51.0,356.8,29.5,32.9,71.4,48.6,353.3,30.0,29.5,69.5,45.6,354.5,28.4,30.2,74.1,45.7,354.0
18,16,Cuenca,12.0,14.6,16.2,2.1,48.4,10.8,15.2,16.7,3.6,49.8,11.9,14.3,16.1,2.2,49.5,11.3,15.3,15.4,3.1,49.5,10.5,16.2,14.5,3.7,49.6,9.9,14.1,14.6,6.6,51.6,9.7,13.1,14.2,6.7,53.6,9.9,12.5,13.5,7.7,52.7,10.4,12.0,13.6,6.7,52.3,11.1,11.0,11.0,7.3,53.8,10.0,11.1,10.8,8.2,58.2,13.6,11.0,10.4,10.2,56.1,12.4,10.0,12.5,9.2,50.2,12.9,10.9,11.9,9.1,48.9,14.2,9.6,12.4,10.1,48.1,12.0,10.0,13.4,9.9,49.5,12.0,9.5,14.0,12.8,49.3,11.4,7.9,13.4,11.0,50.9,11.7,7.3,14.6,11.0,51.9,10.1,7.3,14.1,14.5,47.3,11.9,6.4,15.3,15.1,46.0,13.3,6.8,10.7,17.9,48.6,13.8,7.3,10.4,18.7,48.1,14.1,7.1,10.8,16.2,48.2,17.5,7.5,9.6,17.3,46.3,16.4,7.2,10.7,15.8,46.3,13.0,6.8,10.1,16.2,46.9,13.2,5.3,11.9,17.0,44.5,14.2,5.7,12.4,15.5,45.4,14.3,5.8,12.8,15.6,44.0,14.1,5.4,12.8,12.2,47.0,12.8,5.7,12.0,11.0,51.5,11.8,6.2,11.8,11.3,55.2,11.3,6.2,12.7,10.6,53.9,12.6,6.9,12.7,12.3,54.8,14.9,7.5,13.1,7.5,53.3,14.4,7.7,12.9,6.9,54.9,15.5,6.2,12.6,7.0,51.9
19,20,Gipuzkoa,4.8,28.9,98.7,8.5,216.1,5.4,24.5,97.1,7.3,220.9,4.7,26.9,100.2,6.8,223.7,5.4,25.3,99.2,8.2,216.0,4.0,27.3,94.0,11.3,210.5,3.2,27.1,90.9,11.2,218.0,3.3,21.5,90.1,9.9,225.1,4.4,22.4,90.9,10.9,226.9,4.4,22.8,86.5,13.3,221.8,4.7,22.7,87.9,11.4,216.2,3.7,21.9,85.8,12.8,222.8,4.6,20.9,81.3,13.2,222.1,4.8,19.5,88.8,15.2,222.8,3.4,22.5,85.9,17.0,223.1,3.3,25.6,84.6,20.4,222.1,3.1,26.4,82.0,22.4,221.0,3.3,21.8,82.2,20.2,221.4,2.6,24.5,80.6,20.8,221.0,2.4,20.4,75.0,21.4,214.9,2.5,18.7,71.7,22.2,212.3,3.2,21.9,73.2,23.4,210.5,3.5,22.1,74.6,25.6,207.2,3.9,21.2,72.3,27.3,199.6,4.1,20.0,74.9,26.6,205.8,4.4,18.7,75.0,27.4,202.0,4.7,17.3,74.8,31.6,201.8,3.3,14.3,74.6,27.9,206.1,3.7,13.1,72.7,27.8,214.4,3.7,14.3,72.2,27.8,212.3,2.9,16.5,69.4,29.8,214.7,1.9,16.7,74.3,25.2,214.4,2.7,16.4,71.2,21.6,220.4,2.6,17.5,68.3,23.8,222.9,1.9,15.8,69.1,23.0,228.9,3.0,15.0,69.2,20.0,231.1,3.1,16.4,71.8,20.2,214.6,2.4,14.7,74.0,18.7,212.8,3.8,16.9,76.3,14.8,212.3
20,17,Girona,7.7,63.8,78.3,15.4,223.0,7.5,68.7,78.7,11.5,230.8,11.9,62.6,78.2,13.0,235.0,11.2,62.8,77.0,16.3,231.0,10.5,59.9,75.2,23.3,232.9,11.4,57.5,69.5,22.8,238.7,14.5,52.7,66.0,26.2,240.4,12.6,47.8,66.6,31.8,226.6,12.3,46.1,65.3,36.1,235.5,13.0,46.1,64.1,34.9,244.6,13.9,42.6,66.2,33.8,249.9,12.1,42.7,67.1,32.0,245.9,10.9,39.6,68.9,42.1,234.9,11.5,43.9,63.8,41.8,243.6,11.8,39.1,63.4,48.2,249.2,12.6,33.2,60.8,46.7,238.6,12.7,33.7,60.2,52.8,238.7,12.5,33.0,60.9,54.7,244.0,10.4,33.4,62.1,48.6,245.3,9.2,31.6,63.5,49.5,235.4,6.9,31.1,71.8,47.2,228.9,9.7,32.6,70.2,49.9,231.9,9.4,29.2,73.2,50.2,244.5,8.6,26.4,73.8,52.6,229.8,9.5,24.4,74.3,54.2,223.5,7.9,27.4,73.3,55.6,231.2,8.3,28.3,65.7,53.7,240.2,6.9,23.7,67.5,56.6,234.1,6.5,24.9,68.7,52.1,235.1,8.2,23.1,67.9,47.4,237.2,8.4,21.5,70.2,45.0,238.1,9.0,21.0,72.0,46.5,227.2,10.3,21.3,73.7,36.3,232.3,9.4,25.5,68.7,36.2,236.5,10.2,26.2,69.2,33.2,244.8,9.0,26.6,67.5,30.1,241.0,11.2,27.6,67.5,27.7,237.3,8.2,29.0,73.3,25.2,245.7
21,18,Granada,34.8,67.6,36.0,20.3,251.5,35.9,65.0,39.6,22.7,259.2,33.7,66.5,34.9,31.0,256.1,39.3,60.1,33.2,32.6,250.1,45.3,57.8,33.4,32.2,251.9,41.9,50.5,32.3,38.7,258.9,44.4,46.3,31.3,46.7,255.2,41.7,39.2,30.5,53.2,259.9,49.8,35.2,30.7,50.8,261.6,42.4,34.7,33.4,54.4,262.2,40.5,35.4,31.5,56.8,260.6,36.1,37.8,32.3,56.1,265.4,32.6,33.0,30.2,57.6,275.3,31.0,35.6,31.0,51.3,274.6,29.3,33.2,34.6,60.2,276.0,39.2,30.3,32.2,63.9,260.3,41.5,31.5,28.9,62.9,259.5,38.0,27.7,29.4,77.3,268.3,38.0,25.0,27.4,84.2,267.0,46.7,22.3,32.3,86.1,258.2,47.1,20.3,29.4,91.8,256.0,44.7,22.9,28.5,91.4,253.5,44.3,20.1,24.9,96.7,264.0,47.2,19.6,25.6,88.9,260.0,54.8,18.9,27.5,85.0,251.7,46.4,19.0,27.7,85.2,268.5,44.5,21.0,26.2,84.0,270.1,50.5,24.0,27.5,76.1,272.6,48.9,20.5,30.4,79.4,266.9,46.4,21.0,27.2,74.3,274.1,41.1,23.4,27.4,64.2,282.6,45.6,23.7,28.7,63.9,277.6,44.4,20.3,29.2,61.4,286.2,45.9,22.3,29.6,74.3,279.3,44.9,19.1,27.5,66.6,280.9,41.8,19.8,26.8,67.4,285.5,43.9,20.4,27.5,62.4,288.8,44.0,22.3,27.8,56.9,291.9
22,19,Guadalajara,4.2,13.4,19.8,3.3,78.4,3.9,15.1,19.5,3.7,77.6,3.2,15.8,19.2,2.0,77.8,2.9,15.6,19.3,4.8,82.0,2.3,15.7,21.2,6.9,80.3,3.1,13.7,20.8,6.7,79.3,3.8,12.9,20.6,5.4,80.6,4.0,11.4,22.0,6.0,82.6,5.2,11.1,22.2,8.8,81.0,4.6,12.8,19.4,8.5,83.4,5.8,12.8,20.0,10.1,82.6,3.1,13.2,19.7,9.2,83.4,3.0,11.5,20.4,10.3,85.9,4.5,11.5,17.1,13.3,85.1,4.4,12.9,16.2,9.2,86.1,4.5,11.4,14.9,13.1,87.8,3.6,12.3,15.7,13.2,86.4,3.2,11.9,18.2,16.1,87.3,3.1,11.2,16.9,14.6,90.1,2.6,8.7,17.5,16.1,92.5,2.0,7.3,19.3,17.1,90.1,2.8,8.3,17.6,18.2,88.4,4.3,7.0,14.6,16.3,87.0,3.2,5.4,15.8,16.6,87.5,3.4,5.0,15.5,17.5,90.3,3.1,6.6,16.0,19.4,89.7,3.1,6.7,17.6,15.4,90.7,3.9,7.2,16.7,18.3,88.5,3.6,6.4,15.4,17.0,92.9,2.9,6.6,15.3,13.9,94.0,2.9,7.6,16.6,14.5,94.7,1.2,8.1,19.1,15.5,92.3,1.3,9.5,17.0,13.2,92.6,1.5,9.5,16.2,10.4,95.7,2.7,9.5,16.5,10.2,92.9,2.8,8.1,17.9,11.2,94.5,3.6,6.0,18.1,11.6,92.9,4.1,5.7,16.9,10.6,93.9
23,21,Huelva,34.5,31.7,24.4,9.0,134.0,39.3,33.0,21.3,10.4,139.6,30.3,32.3,20.8,13.6,144.4,27.9,30.4,20.7,13.3,142.5,29.8,29.9,20.4,10.9,143.8,36.9,28.6,21.4,11.4,143.9,32.5,27.0,20.5,14.4,148.0,38.0,23.6,22.3,17.2,143.8,35.7,23.6,23.3,21.4,143.1,37.8,24.0,21.1,22.8,146.3,30.8,23.3,18.5,26.3,147.6,39.1,21.8,19.2,29.4,141.3,45.2,17.5,16.6,34.1,140.9,45.5,19.2,15.3,31.2,144.4,35.5,22.9,17.7,32.0,142.7,40.6,20.9,17.4,35.3,142.3,42.2,19.2,20.1,36.8,142.2,46.9,19.7,22.6,34.8,133.5,37.8,17.3,23.2,37.5,141.5,48.3,14.9,22.1,38.3,133.8,48.4,13.1,22.1,42.0,127.9,56.1,8.8,19.5,39.4,130.7,37.7,11.2,17.3,38.2,138.0,55.2,10.2,16.9,38.3,131.7,57.1,9.4,17.0,31.8,125.2,60.5,12.0,16.4,37.7,130.7,50.8,13.4,18.7,37.3,127.3,66.8,12.0,17.1,33.7,117.8,53.8,12.4,19.1,29.2,126.6,55.9,11.7,20.0,34.3,134.3,42.0,11.4,20.0,35.2,134.5,46.4,12.4,19.2,32.4,135.3,53.7,15.4,17.3,29.1,129.0,46.7,16.1,18.3,25.5,136.2,41.1,20.0,16.7,26.0,133.2,47.3,18.1,15.6,25.9,131.3,45.7,16.7,19.8,24.0,137.3,51.7,12.1,21.8,20.5,138.1
24,22,Huesca,9.5,14.0,22.3,2.5,63.4,10.4,15.3,23.2,1.4,64.8,9.9,12.7,23.9,1.7,69.1,9.0,12.9,21.2,2.8,69.4,9.3,11.9,20.7,2.9,66.7,8.9,13.0,16.9,3.8,68.3,12.2,11.5,16.2,2.8,70.3,10.4,11.7,14.8,4.2,72.4,11.0,11.8,15.5,5.0,69.8,14.4,13.1,12.8,5.7,64.6,17.0,12.9,14.4,6.0,60.2,14.7,9.9,14.9,7.2,63.3,16.7,10.9,15.3,7.7,61.2,15.8,9.6,16.9,5.8,66.8,15.1,9.0,15.3,6.2,69.1,16.2,8.2,15.5,6.1,67.5,14.2,7.4,16.5,7.5,69.0,14.0,8.8,14.9,8.2,67.9,13.2,8.1,14.4,7.3,69.8,13.3,8.1,13.8,8.8,66.9,12.8,8.0,13.0,9.5,64.9,11.4,8.1,13.5,9.8,62.6,12.0,9.1,12.0,6.6,65.0,10.9,8.3,12.8,10.1,62.6,10.4,7.9,13.5,8.4,64.9,11.5,7.0,14.8,7.8,64.5,11.5,7.2,14.3,7.6,67.3,12.2,7.7,15.5,8.3,64.8,13.0,8.0,16.2,9.1,61.0,12.5,9.1,15.2,9.2,64.7,13.4,7.7,15.5,9.3,63.6,13.4,8.2,15.5,6.9,62.6,12.9,7.9,14.5,6.4,64.1,13.4,7.3,12.5,6.4,67.4,12.8,7.2,13.0,6.0,69.5,14.0,7.2,13.3,6.0,66.6,16.0,5.6,12.0,4.9,68.1,13.8,4.7,12.5,5.3,66.9
25,23,JaÃ©n,51.3,33.9,40.8,10.6,152.3,36.1,35.8,38.3,12.3,158.0,34.7,36.0,37.9,13.9,162.6,39.8,34.9,35.3,16.4,167.7,56.7,29.5,34.1,14.8,159.9,44.7,28.0,33.1,18.1,165.8,36.5,30.0,33.6,21.3,165.0,46.8,28.4,31.4,23.4,159.1,65.9,20.2,30.6,27.4,156.4,51.9,23.8,30.2,26.8,161.4,41.0,27.4,29.6,27.4,167.6,52.3,26.3,28.0,32.0,164.5,65.3,21.3,27.2,27.6,160.7,48.8,21.6,29.3,33.6,157.9,43.1,24.6,28.5,37.1,160.4,53.3,21.2,27.6,35.3,164.8,62.9,19.5,25.6,35.7,157.1,49.9,19.6,25.0,39.0,161.0,47.2,19.9,27.6,42.6,163.2,53.4,20.0,26.6,40.4,165.1,53.3,15.4,24.5,52.6,158.9,43.4,15.0,25.9,59.8,163.6,42.7,14.3,25.1,55.8,168.0,56.2,14.1,23.3,52.3,163.0,75.2,9.6,23.8,42.7,149.2,54.0,12.9,21.4,37.1,165.4,45.4,12.4,23.5,41.0,171.5,53.6,11.8,22.9,40.8,170.5,57.0,11.3,21.2,40.4,167.5,44.9,12.4,24.6,43.0,173.5,45.1,12.3,27.9,42.1,169.2,58.0,12.3,23.8,42.3,166.3,72.0,10.9,25.1,32.2,156.3,62.4,16.0,29.1,31.4,153.4,54.1,16.0,31.3,32.8,155.4,61.7,15.0,29.6,31.1,157.3,74.0,10.7,29.8,28.3,156.8,62.7,12.3,30.1,32.4,162.2
26,24,LeÃ³n,14.7,24.9,28.8,7.5,139.3,13.8,24.8,27.4,8.4,138.8,12.5,26.0,26.2,8.7,145.0,9.8,25.8,27.0,10.6,143.3,11.3,25.0,29.5,11.3,141.0,10.3,24.9,30.0,15.0,143.6,8.1,25.6,30.8,14.7,139.0,8.4,25.3,34.1,15.6,136.3,8.4,22.4,33.1,17.8,137.5,10.0,21.9,33.2,16.8,140.9,10.6,20.8,32.0,16.5,143.4,10.2,20.4,29.9,16.4,140.2,10.7,17.3,24.2,19.0,145.3,10.5,17.8,23.3,19.0,149.0,8.8,20.2,23.7,17.8,147.3,7.8,18.9,25.3,20.3,147.4,8.9,18.8,26.0,22.6,138.7,7.5,19.3,28.3,24.3,136.8,9.4,17.6,25.9,29.7,133.7,8.7,16.8,26.9,30.6,132.1,10.1,16.7,24.5,32.1,132.6,12.5,15.6,22.9,31.8,133.5,13.0,13.7,23.7,32.1,130.6,13.0,12.0,24.6,32.5,128.3,10.2,13.5,24.8,35.0,128.5,11.5,15.2,23.5,35.8,130.6,9.5,15.3,26.0,31.3,132.7,9.2,13.7,24.4,30.1,134.6,9.8,13.4,25.0,28.6,131.5,10.1,15.4,22.7,24.8,135.1,10.1,12.5,24.4,23.5,137.2,8.7,12.5,26.5,25.2,130.6,8.8,13.8,27.0,25.7,131.5,9.3,11.6,27.6,23.9,133.8,10.8,11.9,26.8,23.7,138.3,10.4,12.4,28.1,24.0,131.8,9.8,12.2,28.9,20.7,132.8,9.5,9.9,29.7,18.5,138.6
27,25,Lleida,14.9,34.1,32.6,4.1,128.9,18.5,32.4,34.0,4.0,129.2,18.5,32.2,40.3,4.4,134.9,18.9,32.8,39.0,5.9,131.8,19.3,29.7,38.5,6.8,134.8,18.3,36.7,34.9,7.2,124.2,21.9,29.0,36.1,11.3,128.1,20.5,28.6,34.7,10.0,129.6,21.9,25.8,33.0,10.1,129.1,25.0,21.7,32.4,13.3,128.2,22.8,23.4,29.8,13.1,124.7,21.4,23.7,28.5,15.5,124.8,20.9,21.3,35.0,13.0,129.3,19.3,23.3,37.4,15.4,129.2,20.0,21.7,31.6,12.2,131.7,20.3,20.3,32.6,17.5,132.4,21.7,18.0,29.8,22.9,129.3,21.1,18.5,29.9,23.6,130.9,20.6,13.8,31.5,19.8,135.7,22.5,16.7,28.6,20.3,133.7,24.9,16.2,28.9,17.7,133.3,24.1,14.6,29.1,23.8,132.4,22.5,16.7,29.8,19.2,134.9,21.2,16.2,28.7,18.7,137.5,19.7,18.5,24.3,17.2,131.6,15.6,17.3,24.7,20.6,138.7,15.3,16.2,27.6,16.8,139.2,16.1,18.8,27.1,19.4,138.8,19.0,17.5,23.8,21.2,137.6,18.8,19.8,25.8,20.3,135.8,19.3,20.9,24.7,18.9,141.4,18.8,20.5,27.2,14.9,141.7,19.7,20.6,28.5,18.2,135.4,17.5,16.8,30.4,13.2,134.8,18.6,14.5,29.2,11.6,133.6,17.6,14.8,30.0,14.2,131.9,19.3,15.5,26.0,15.5,131.4,20.9,14.4,25.7,15.1,130.2
28,27,Lugo,28.5,19.1,21.7,4.2,83.6,26.2,19.5,21.4,3.5,91.8,28.6,18.2,23.9,5.0,88.3,27.9,15.6,23.1,3.7,89.7,24.1,15.8,23.4,6.9,88.2,25.1,12.8,20.6,7.6,86.9,26.9,16.4,19.2,5.0,89.8,26.1,15.9,16.6,7.3,88.3,29.2,15.9,15.7,7.1,89.1,30.3,15.7,17.1,7.2,91.3,31.6,16.0,16.1,8.5,92.3,30.2,16.9,15.8,7.9,90.3,27.9,17.3,16.1,10.8,90.3,27.5,15.1,19.4,10.6,88.5,25.4,15.7,19.3,11.0,91.4,24.4,15.8,16.9,9.9,94.1,24.8,13.4,17.4,12.2,89.8,26.5,12.2,17.7,12.8,90.5,24.8,11.0,18.1,13.6,90.6,25.7,11.6,16.0,14.1,89.8,24.7,11.2,14.8,17.1,89.1,25.6,10.2,15.1,18.0,88.8,28.0,9.1,14.3,16.5,91.0,27.0,8.7,13.5,18.5,90.5,25.4,8.9,13.4,19.8,91.8,24.3,7.8,14.2,19.4,89.5,21.4,7.9,15.1,16.9,92.3,18.9,8.6,14.0,16.0,93.7,20.0,9.6,15.3,15.0,92.3,19.2,11.2,15.1,14.6,93.2,19.2,11.8,14.3,13.5,96.7,19.3,11.5,15.0,16.0,96.8,20.1,13.6,14.6,14.6,94.5,20.8,12.6,14.7,14.7,94.1,20.9,11.7,14.6,13.6,93.7,21.3,10.8,14.0,11.2,92.2,21.1,10.6,15.6,11.6,92.8,19.9,9.1,15.6,11.9,96.3
29,28,Madrid,23.7,370.1,356.7,85.7,2539.5,17.9,376.4,343.0,98.0,2590.5,17.2,364.9,336.6,90.2,2627.8,15.6,336.3,325.9,105.3,2685.8,15.1,342.9,328.5,138.9,2656.5,17.3,354.1,305.1,158.4,2646.5,11.6,314.8,304.5,180.3,2637.4,13.8,310.8,314.7,211.0,2615.7,5.6,266.0,289.5,248.5,2674.0,7.1,271.3,303.1,269.4,2651.3,6.3,262.7,281.4,267.3,2664.2,11.9,237.2,309.3,291.5,2658.6,6.0,245.7,283.2,265.6,2654.3,5.4,241.6,291.5,286.8,2658.8,3.7,222.2,296.8,304.7,2607.9,9.7,209.4,306.4,320.8,2600.5,6.7,207.2,292.1,324.0,2636.5,17.0,198.2,290.3,353.9,2622.8,12.7,186.1,294.5,349.4,2609.2,11.0,181.7,306.4,345.5,2595.4,10.2,187.6,291.7,363.1,2597.8,13.1,176.6,277.8,370.8,2551.7,11.8,165.6,262.9,399.7,2518.1,17.3,160.5,267.0,440.7,2466.4,12.0,159.9,267.8,413.8,2459.6,14.6,165.7,246.1,385.1,2508.9,14.4,166.8,260.8,375.4,2512.3,12.9,168.7,273.9,381.2,2564.7,9.1,179.3,284.5,391.0,2525.6,7.4,184.7,273.0,407.2,2538.3,5.6,182.0,264.0,361.4,2538.7,5.9,159.2,254.3,356.1,2633.0,9.0,158.2,249.1,348.7,2621.3,11.4,158.2,243.4,338.0,2629.2,11.7,169.2,237.8,303.4,2618.3,8.1,160.9,250.6,293.9,2636.4,9.3,157.8,261.8,269.4,2632.5,7.4,166.0,271.3,246.4,2646.4
30,29,MÃ¡laga,19.7,114.9,55.4,41.4,495.3,24.2,111.6,51.4,37.5,493.6,27.3,116.1,46.9,44.7,510.1,28.0,114.0,44.4,66.9,504.9,28.3,112.8,34.3,70.2,507.0,22.5,104.0,36.5,77.4,520.6,20.3,91.9,35.5,68.2,524.8,20.3,91.8,30.5,98.0,522.6,18.3,101.6,30.8,100.8,516.5,19.1,94.1,31.1,100.5,527.7,16.9,93.9,29.9,105.8,528.1,19.5,86.6,29.3,113.8,514.8,20.0,75.0,30.1,126.8,519.1,22.3,71.4,27.6,117.3,517.0,21.3,70.2,27.2,113.7,529.1,22.4,64.1,31.8,132.4,523.5,25.6,65.0,29.9,130.7,527.6,23.2,60.6,30.9,145.3,528.7,22.5,52.4,32.7,144.4,534.6,23.8,45.7,29.6,149.7,529.8,25.1,50.3,26.6,159.2,509.7,24.3,49.8,28.7,162.0,518.3,24.4,50.9,31.6,150.7,522.5,22.3,51.4,29.9,161.5,515.4,25.9,51.6,25.5,159.7,519.9,29.4,43.4,28.0,154.5,538.0,22.5,45.0,30.0,139.6,565.7,28.7,51.2,31.6,140.5,564.9,34.9,51.0,29.6,128.5,567.9,29.3,51.9,30.6,137.6,571.4,27.2,52.6,28.3,128.6,577.9,28.1,51.2,23.5,118.7,573.4,33.9,43.1,30.6,122.0,573.8,23.9,49.1,30.2,111.3,562.2,18.6,51.9,35.7,101.9,575.9,19.9,50.4,39.7,92.6,557.6,26.5,51.5,39.6,98.3,548.9,27.2,50.9,39.7,79.0,563.8
31,30,Murcia,63.3,116.0,105.4,18.3,405.9,63.6,106.6,105.9,22.8,417.8,61.7,100.5,102.2,26.3,425.1,71.0,95.1,98.6,30.2,422.8,75.3,100.3,93.1,35.3,418.4,75.5,88.2,91.7,41.7,427.7,73.1,85.1,88.1,48.2,419.4,70.0,82.4,83.9,59.6,414.6,94.3,75.2,84.0,63.8,407.0,90.4,81.7,75.2,63.6,413.1,83.1,75.5,81.8,82.2,408.4,92.6,69.3,81.5,86.6,406.7,93.5,66.2,78.9,91.5,393.6,88.3,58.6,77.8,88.9,408.7,83.7,55.2,79.9,92.3,415.4,90.8,51.0,78.8,100.0,408.9,86.5,53.8,83.1,94.4,410.6,84.7,53.0,84.3,98.5,409.7,85.1,53.9,82.2,102.5,410.3,84.9,47.8,81.8,110.5,397.4,83.2,49.7,80.7,108.6,397.8,89.7,42.6,74.9,110.6,404.1,88.7,41.1,79.2,109.9,414.0,85.6,37.9,79.4,113.1,409.0,87.0,32.3,81.2,112.9,410.0,89.4,36.8,74.2,108.5,413.9,89.0,34.6,75.0,114.9,406.3,81.4,37.4,80.7,116.7,405.8,84.7,37.7,74.2,108.0,395.7,94.0,35.8,74.2,97.0,409.0,77.6,30.9,72.1,105.7,413.4,80.1,31.8,78.2,94.7,416.5,80.9,31.8,76.9,85.5,420.7,93.6,28.3,82.3,76.6,420.9,90.4,30.3,78.5,78.8,425.8,90.1,33.1,81.8,69.3,427.7,89.1,39.5,75.2,76.4,427.4,98.0,35.9,79.2,69.2,427.7
32,31,Navarra,13.6,38.0,83.2,6.7,175.2,14.3,39.0,83.5,6.5,172.4,13.7,31.9,89.8,7.6,176.3,13.2,31.9,87.5,7.2,176.3,15.1,31.7,89.5,7.9,175.1,14.0,29.7,93.1,11.5,172.4,11.9,27.1,87.7,9.4,180.0,14.4,29.2,84.4,10.9,175.2,14.0,27.4,82.4,13.0,178.1,13.4,29.0,75.3,12.0,191.4,13.8,25.6,75.4,16.2,187.8,12.4,26.7,71.8,16.1,190.4,10.2,28.4,71.0,17.6,195.2,9.3,23.6,74.6,19.4,194.1,10.3,27.2,75.7,17.4,190.2,8.3,23.8,79.8,19.0,187.3,8.9,23.4,78.2,20.6,186.6,9.3,24.4,72.9,24.5,189.9,11.4,23.0,76.0,22.7,186.4,11.2,22.3,74.4,28.4,182.0,14.8,18.2,75.8,28.4,179.6,18.4,17.3,74.9,26.0,178.0,17.8,18.0,73.3,29.2,178.0,17.1,15.6,71.9,27.9,177.9,15.1,14.5,72.2,28.5,183.8,14.7,14.9,69.2,27.1,185.6,12.9,17.2,72.8,29.2,177.5,11.2,16.0,73.0,26.8,183.7,10.7,16.7,69.9,28.6,180.3,11.4,18.6,66.5,20.1,189.0,11.1,19.7,69.3,25.7,183.4,9.8,17.7,69.9,25.9,182.5,8.4,15.2,67.7,27.8,187.5,11.4,12.9,68.9,25.3,179.8,10.8,13.4,72.5,22.3,190.7,11.8,12.2,75.1,17.0,192.1,13.5,14.1,75.1,14.6,190.4,11.0,14.3,79.7,18.0,189.7
33,32,Ourense,11.7,15.2,28.9,4.7,88.0,11.7,16.7,28.7,3.1,88.0,12.6,13.4,26.6,3.0,89.1,8.4,11.9,27.5,3.7,93.7,15.1,11.0,30.9,4.1,86.8,12.4,12.7,27.1,4.0,87.9,8.9,13.2,24.1,7.1,88.6,9.1,13.7,21.8,8.2,89.3,8.8,14.0,20.9,11.5,89.2,9.2,13.3,20.6,12.3,86.2,10.7,15.4,20.2,11.6,83.9,9.6,15.2,19.4,12.0,86.8,9.8,13.7,20.8,13.5,84.8,9.4,13.9,21.9,14.9,86.1,9.2,13.7,22.5,14.8,84.9,7.6,13.2,21.0,16.0,87.6,7.8,13.3,22.2,14.7,87.1,7.8,12.9,23.1,14.8,84.3,8.3,12.3,21.5,15.8,85.7,7.5,10.8,19.6,19.6,82.3,6.5,10.0,19.6,21.2,82.2,6.2,9.1,19.0,23.1,80.3,5.9,9.1,18.8,21.3,80.3,5.3,8.8,18.4,18.7,82.7,5.1,9.5,18.8,18.2,81.4,5.0,10.2,18.6,18.8,80.1,5.6,9.9,19.7,17.5,79.9,5.2,9.0,21.5,18.4,81.1,5.5,9.6,20.8,19.3,81.5,4.2,12.2,21.0,17.6,78.3,5.3,10.8,19.8,16.0,80.3,6.4,10.5,19.4,15.7,79.3,6.5,8.7,19.5,14.4,80.0,6.5,8.4,18.6,16.8,82.9,7.2,8.0,19.1,16.5,84.1,8.7,8.1,18.8,14.5,83.6,8.0,7.5,18.4,15.5,85.3,7.3,7.8,19.4,12.1,82.8
34,34,Palencia,6.5,8.1,14.9,2.9,42.8,5.7,7.6,14.3,2.7,44.5,5.0,6.8,14.1,3.9,46.4,5.4,7.2,14.2,4.1,44.5,4.2,6.3,14.7,6.0,45.1,5.5,6.8,13.5,5.1,45.9,5.3,7.2,13.4,4.2,48.5,5.1,6.5,13.2,5.0,48.5,5.4,6.7,13.2,5.3,48.3,4.8,6.4,12.4,6.6,49.2,4.2,6.6,13.4,7.7,50.3,3.4,5.8,13.7,6.7,51.4,4.4,5.4,12.6,6.9,49.1,5.9,5.9,12.9,6.8,46.1,7.0,6.6,13.5,7.7,44.3,7.7,6.7,13.2,7.2,44.8,7.2,6.2,14.0,7.3,44.3,8.1,6.8,12.1,7.7,44.1,9.4,6.1,13.1,7.2,45.1,7.7,5.0,12.0,7.2,45.5,7.1,4.8,11.2,8.2,47.4,7.2,5.2,11.7,7.8,46.9,7.2,4.8,11.0,10.2,47.1,6.6,4.6,11.0,10.3,45.1,7.1,4.8,11.6,11.4,39.6,7.4,5.0,10.7,10.6,40.6,8.3,5.0,11.0,11.9,39.7,7.9,4.7,11.6,13.0,38.3,7.0,3.5,12.0,13.8,40.1,7.0,3.7,12.2,10.9,41.1,6.0,5.5,12.0,10.2,45.0,6.6,5.2,13.6,9.4,42.4,6.5,4.0,12.8,7.9,44.5,7.3,4.6,13.8,6.1,43.1,6.9,4.8,15.0,7.4,42.7,6.5,4.3,15.1,6.7,41.9,6.6,4.0,15.2,6.2,42.0,5.8,3.4,16.2,5.3,44.2
35,35,"Palmas, Las",13.1,70.1,29.6,26.0,388.9,9.4,64.2,28.1,31.2,403.0,8.0,63.0,30.3,37.0,402.8,9.2,60.8,32.9,39.2,400.5,11.1,60.2,26.6,54.2,405.1,9.7,51.7,29.0,54.6,393.7,11.8,57.3,30.0,63.4,395.1,13.2,55.4,26.2,71.9,398.7,12.9,49.5,28.5,81.4,391.3,12.7,49.2,24.6,92.7,379.3,11.4,50.7,25.7,91.3,370.4,11.5,52.9,22.1,94.6,370.1,11.3,43.4,25.6,94.8,385.3,9.3,37.6,22.8,108.0,391.0,13.6,42.6,18.5,104.3,389.5,13.9,37.0,20.1,101.0,392.2,13.7,34.3,23.3,103.6,400.8,9.6,28.3,20.6,110.7,405.7,11.7,32.5,25.2,110.6,407.8,13.4,35.8,22.9,115.4,397.7,11.5,37.0,24.7,122.3,397.8,13.3,37.3,23.4,117.2,389.3,12.1,33.2,23.0,134.6,384.7,15.3,29.7,23.9,136.6,381.2,16.2,24.9,23.6,125.3,387.9,15.8,22.1,19.1,129.1,388.3,10.7,21.2,22.1,132.0,380.8,10.4,23.9,19.5,125.9,394.6,10.5,27.4,20.9,130.8,394.9,10.7,28.0,20.0,118.1,399.8,10.5,26.9,21.6,113.0,399.0,12.7,26.8,23.2,101.6,405.8,14.1,21.2,26.7,92.9,408.7,12.0,23.4,27.7,99.9,403.1,11.8,27.1,26.4,95.4,404.7,10.7,25.5,23.1,83.0,417.7,10.4,25.6,19.6,89.6,420.5,11.7,26.3,19.2,87.1,437.9
36,36,Pontevedra,28.5,54.0,95.9,12.5,270.8,27.9,53.2,91.9,15.3,270.0,30.0,50.1,92.1,16.1,274.8,30.6,46.2,92.7,18.4,276.5,31.2,45.4,98.1,20.5,269.0,29.2,46.1,92.5,23.3,270.0,28.8,47.1,88.5,27.7,274.4,27.7,45.1,86.4,29.6,271.4,25.1,43.5,83.8,32.7,268.8,23.7,38.5,84.8,36.5,271.4,24.3,37.6,85.1,41.7,276.7,24.5,34.3,79.4,42.4,268.5,23.6,33.0,82.0,46.1,270.5,23.1,32.8,81.3,46.4,275.2,24.6,34.3,77.5,51.7,272.8,22.8,33.3,76.3,59.1,268.7,22.3,32.8,75.7,62.4,269.2,24.3,32.8,76.5,64.0,266.0,23.0,33.1,76.3,64.2,265.7,24.0,32.3,73.7,64.3,263.3,22.1,32.6,73.6,60.8,260.1,22.9,33.9,72.2,65.1,259.3,21.9,31.8,72.4,65.5,265.7,21.7,31.0,75.9,66.7,258.2,20.6,28.8,74.7,69.4,257.4,20.0,29.0,73.1,71.5,252.3,20.0,28.0,73.4,68.5,257.1,19.8,25.7,75.5,68.0,256.6,19.8,27.8,69.4,68.6,252.7,18.8,26.3,71.9,66.3,259.4,21.0,24.2,73.5,61.0,262.1,23.1,25.8,71.7,55.0,260.5,23.2,27.3,73.7,50.3,261.2,22.0,27.4,71.1,54.9,262.0,22.7,27.1,72.4,50.1,267.0,23.1,24.3,73.7,48.7,265.1,23.7,25.7,74.8,48.4,262.6,23.0,25.4,74.2,49.7,263.4
37,26,"Rioja, La",6.8,19.2,39.0,3.8,90.7,7.1,19.7,39.5,3.1,91.7,6.6,19.0,42.9,5.1,89.3,5.9,17.7,40.5,6.2,92.7,5.9,17.8,40.7,7.4,90.7,6.3,19.4,39.7,6.3,91.4,6.5,18.9,38.4,7.3,89.4,7.0,18.5,34.8,9.9,91.8,6.1,18.0,35.4,10.6,89.2,6.4,16.5,38.3,10.0,88.2,6.5,15.7,38.7,12.3,89.2,8.1,16.9,37.4,11.3,85.9,8.1,14.7,38.4,13.8,86.4,7.0,15.9,35.9,14.2,87.2,7.7,18.3,34.2,17.2,87.8,8.5,13.9,32.5,15.8,90.9,8.0,15.1,34.1,15.3,87.4,6.5,16.4,33.8,18.8,86.2,8.8,14.6,34.3,15.8,85.3,9.5,13.5,34.0,14.4,84.7,10.5,10.8,36.1,14.6,81.6,10.4,10.6,37.4,15.7,79.8,10.5,9.2,36.9,17.0,84.3,9.7,8.7,36.3,17.6,85.1,8.5,8.4,34.9,16.2,87.9,7.5,8.5,36.0,16.8,88.5,7.0,10.2,35.7,18.0,88.6,7.7,9.8,34.9,16.3,85.3,9.5,9.4,35.3,15.3,84.4,10.0,8.5,37.7,14.9,85.2,9.4,9.4,36.5,12.8,84.4,10.8,8.0,36.1,12.2,86.8,10.1,6.7,35.4,11.8,88.2,11.4,6.0,35.8,13.2,89.3,8.5,7.1,36.9,9.5,91.3,10.2,6.8,34.6,8.2,92.5,8.9,5.8,35.5,10.7,93.3,7.6,6.6,33.7,8.8,95.5
38,37,Salamanca,10.5,13.3,18.5,5.5,107.5,12.1,14.8,19.4,8.9,98.3,8.3,17.4,21.1,10.7,98.1,9.2,19.4,20.3,15.5,93.0,7.5,20.6,20.5,13.8,92.6,8.8,16.8,21.4,13.1,94.8,6.7,19.0,23.3,13.6,96.3,9.0,13.3,24.8,7.0,105.5,8.1,12.0,21.7,11.3,102.5,8.7,11.7,19.6,12.9,110.6,6.1,11.4,17.1,12.7,111.7,7.1,11.2,16.8,12.3,109.5,6.5,11.7,18.9,13.0,103.4,9.4,13.9,19.4,14.6,103.8,11.3,14.4,21.0,14.2,106.6,9.9,13.8,18.5,15.6,102.0,10.3,12.5,17.8,14.3,107.2,12.6,12.2,19.7,16.5,104.1,15.0,10.2,19.0,17.4,101.6,11.9,9.7,18.4,21.2,98.4,10.9,7.9,17.3,21.7,99.6,9.2,7.8,12.4,18.9,107.1,9.2,10.0,12.0,22.2,105.1,7.6,10.1,12.3,20.7,107.4,9.5,8.1,13.7,21.9,102.8,11.5,7.8,16.5,18.9,102.5,13.3,8.5,15.2,19.0,101.7,15.7,8.6,13.8,21.9,96.0,12.2,6.6,15.4,16.5,101.3,13.7,8.9,18.6,14.9,102.1,14.0,9.6,20.2,15.0,100.8,12.7,9.9,17.7,15.6,101.7,10.5,9.5,20.9,14.9,94.1,11.0,8.3,20.8,16.8,94.6,11.2,8.0,20.2,14.4,98.5,10.8,7.1,17.5,14.7,97.1,8.1,8.1,17.5,14.5,101.1,9.1,8.9,18.6,12.7,102.2
39,38,Santa Cruz de Tenerife,18.3,77.8,33.4,25.9,321.5,18.5,76.1,32.2,26.6,322.2,17.1,72.3,33.0,29.4,324.6,17.7,70.8,27.8,32.3,335.2,14.6,67.8,29.3,44.0,330.3,15.3,59.6,31.1,45.3,340.3,15.0,56.6,28.0,48.9,345.2,14.8,57.4,25.3,55.8,346.0,15.8,53.6,24.1,64.0,341.2,20.2,48.6,26.2,70.9,328.9,23.2,45.0,25.1,71.9,345.1,17.8,41.7,24.7,74.2,355.0,17.0,44.1,21.7,75.7,355.9,13.7,39.0,25.0,82.5,365.0,14.2,34.8,22.9,78.9,373.3,10.8,37.6,21.3,85.7,366.9,12.7,33.1,21.9,87.9,371.8,12.3,37.0,22.6,86.8,367.2,13.9,35.2,23.9,93.8,351.6,16.9,31.4,22.2,97.4,347.5,18.0,28.5,22.8,110.0,336.9,15.3,29.8,19.9,102.9,338.9,16.8,24.5,19.6,115.5,339.2,16.7,24.7,23.0,111.1,341.8,17.2,26.0,21.4,111.5,339.4,15.5,27.4,20.1,109.5,345.0,17.2,28.0,17.8,105.2,351.0,19.5,27.3,18.0,103.2,358.5,17.7,23.9,17.7,114.1,357.1,16.0,24.7,18.0,110.9,364.7,17.3,27.4,18.6,99.0,377.4,16.7,25.4,17.6,84.8,395.7,14.0,26.8,17.1,82.6,393.0,11.0,26.5,18.4,85.3,393.4,13.2,25.6,22.8,81.2,393.8,12.5,30.5,21.1,75.0,401.2,13.0,27.8,18.7,69.7,394.7,12.7,32.0,19.3,69.5,379.0
40,40,Segovia,7.0,13.5,11.3,2.2,42.6,8.0,10.7,11.3,3.0,45.9,9.4,13.9,13.3,2.6,43.6,9.2,11.8,13.6,2.6,44.2,7.3,9.9,13.8,3.4,45.1,7.9,9.3,15.3,2.5,44.1,7.1,7.0,14.1,3.6,47.2,7.5,7.2,13.9,2.9,45.8,6.5,7.8,13.1,3.7,48.3,5.1,7.6,13.0,4.4,49.2,5.0,8.1,11.6,4.2,51.9,5.0,7.3,10.6,4.0,51.8,5.8,8.7,9.1,3.6,51.7,6.8,8.1,8.1,4.5,51.1,7.8,8.1,8.5,5.5,48.7,8.2,8.1,9.0,6.2,47.6,6.8,7.9,9.0,7.7,47.2,6.7,8.3,7.5,7.4,46.7,7.3,7.7,7.1,9.4,48.0,5.4,6.7,6.6,8.9,50.7,6.9,6.6,7.6,7.7,48.9,7.6,5.5,9.4,8.2,49.6,8.3,5.0,9.2,7.5,48.8,9.5,4.6,9.3,8.2,47.6,9.2,5.1,10.2,7.3,46.9,7.7,5.6,10.9,6.7,47.8,8.2,6.1,9.6,6.2,48.1,8.2,5.3,9.4,6.6,48.0,7.9,5.7,9.7,7.0,49.4,7.8,6.6,9.7,6.7,49.2,8.8,5.8,10.3,6.2,46.5,8.2,6.4,9.3,6.5,46.8,6.3,7.0,9.9,6.9,47.6,6.7,7.5,11.2,6.0,48.1,7.2,6.1,11.1,4.3,50.6,8.3,6.6,11.1,5.3,48.6,6.3,7.7,10.4,5.2,50.0,5.2,8.2,9.6,4.7,50.7
41,41,Sevilla,47.2,120.8,88.2,45.8,588.9,47.4,121.5,84.8,40.3,609.8,44.5,111.4,87.9,43.9,611.6,63.2,112.3,88.7,50.0,609.1,62.1,107.4,86.5,64.4,602.8,64.0,101.8,90.4,61.1,605.1,53.9,91.4,90.1,75.0,588.1,62.5,88.6,90.7,94.0,582.7,56.7,91.2,83.6,97.4,584.5,51.7,81.5,82.5,107.7,600.0,50.4,71.6,79.8,120.2,595.3,57.0,73.6,83.4,117.4,593.5,59.0,73.5,88.0,115.4,601.5,59.1,71.6,86.2,124.2,595.3,54.1,65.4,87.7,128.3,592.3,53.4,61.3,84.5,137.6,596.9,51.0,61.2,87.2,147.8,595.7,56.6,60.2,90.5,155.9,586.1,54.1,52.8,83.5,166.8,573.6,64.6,45.9,76.2,176.0,576.0,61.4,49.7,73.0,170.4,587.2,57.7,47.9,77.0,172.5,588.9,52.2,47.4,74.9,174.2,568.1,59.5,47.0,75.6,189.5,565.2,62.9,50.0,78.0,180.8,557.1,61.2,47.0,81.7,172.5,565.1,58.7,45.5,78.5,176.0,570.3,61.8,43.5,83.3,171.7,595.3,68.3,45.2,69.9,162.5,600.9,67.9,44.4,73.3,150.9,616.0,63.7,40.8,70.5,156.9,612.3,73.0,43.8,68.4,145.4,617.0,64.4,46.2,70.4,132.7,616.4,61.9,45.6,75.8,132.0,613.8,50.7,45.2,81.7,136.6,600.1,62.0,46.2,78.9,135.4,606.1,55.0,45.6,75.1,128.6,620.4,56.1,39.5,84.5,119.7,627.0
42,42,Soria,4.8,5.7,9.3,1.2,24.8,3.7,5.2,9.3,1.5,25.9,4.2,5.0,8.9,0.9,26.6,3.6,5.3,9.2,1.0,25.7,3.8,5.2,9.8,1.7,24.1,3.3,4.8,10.3,2.0,24.8,3.8,6.0,9.4,0.9,24.5,3.6,6.0,9.4,2.4,22.7,3.5,5.4,8.9,1.6,25.9,3.5,5.4,9.4,2.0,26.2,3.7,5.0,8.4,1.8,27.8,3.2,4.3,8.6,2.1,28.3,3.9,4.1,8.4,3.5,26.8,4.1,4.5,8.9,3.1,26.8,3.5,4.4,10.2,2.8,26.8,3.9,4.2,9.8,2.9,26.0,4.2,3.5,9.9,2.8,24.8,4.9,3.9,10.0,3.4,24.4,4.7,4.2,9.8,3.9,24.2,4.4,3.6,9.0,3.7,24.7,4.3,3.4,8.9,3.2,24.8,3.6,3.6,9.0,3.7,25.1,4.1,2.9,9.6,3.3,24.9,4.0,2.7,8.4,3.8,26.3,4.2,2.5,8.1,4.0,25.7,4.2,2.4,7.5,3.9,26.3,3.8,2.9,7.2,4.0,26.4,3.7,3.2,6.8,4.9,24.8,3.5,3.9,7.0,4.6,25.4,3.9,4.1,7.4,3.9,23.8,4.4,3.2,7.3,3.3,24.7,5.1,3.2,6.9,3.1,23.7,4.6,2.2,7.6,3.6,22.9,4.7,2.1,8.2,4.1,22.6,4.7,2.3,9.0,3.4,23.3,3.7,3.2,8.5,3.4,25.2,5.4,2.8,8.5,3.0,24.3,5.0,2.8,8.4,3.5,26.3
43,43,Tarragona,18.1,70.8,79.9,7.7,230.6,17.2,67.6,78.2,8.2,238.5,19.4,63.1,73.7,10.5,242.5,22.2,61.2,72.9,14.4,241.3,17.8,65.8,63.2,16.4,252.6,19.1,62.5,60.1,20.7,247.0,14.1,56.1,65.0,22.5,252.5,17.1,49.6,64.8,27.5,240.0,19.0,49.6,60.6,30.6,237.5,20.4,48.7,58.7,31.8,249.9,21.7,46.7,64.9,35.7,250.8,22.6,44.8,69.1,41.6,235.5,22.4,45.3,67.0,38.9,241.4,19.2,40.7,70.3,35.5,255.0,20.0,36.2,69.2,42.0,252.2,21.5,38.5,65.6,45.7,243.6,22.5,38.2,61.9,46.5,246.0,21.4,35.7,59.8,46.8,246.2,21.5,34.3,61.1,51.2,239.4,20.2,33.2,58.3,54.1,236.6,17.8,31.6,58.6,61.5,240.0,20.0,32.6,55.3,62.6,243.3,18.4,31.7,54.8,62.2,249.4,15.9,30.1,54.9,64.5,242.9,16.9,29.1,54.6,55.9,238.6,17.5,24.4,58.5,58.2,248.8,18.2,27.0,61.7,54.8,253.7,15.5,27.2,61.2,56.1,239.4,16.9,30.5,62.1,56.4,239.0,17.7,31.5,63.4,52.3,243.0,17.7,28.1,61.3,54.4,247.5,21.0,26.9,56.0,47.7,248.4,21.7,25.4,55.8,48.3,243.4,18.7,23.4,60.0,42.8,246.9,19.6,24.2,56.1,43.2,250.2,20.9,23.4,60.6,37.8,234.7,21.1,26.1,60.4,38.9,233.1,17.8,27.7,61.9,31.8,259.3
44,44,Teruel,6.6,9.7,13.6,1.0,37.6,7.1,11.1,12.8,1.7,36.3,6.7,10.5,12.0,1.7,36.9,7.5,10.2,11.7,1.5,37.5,7.6,9.7,12.8,1.7,37.8,8.3,8.7,12.9,2.8,38.3,8.5,8.0,13.0,2.5,38.5,8.8,7.6,12.2,1.8,36.7,8.0,7.5,13.7,2.7,35.7,7.7,8.6,12.9,2.8,34.6,6.6,8.6,11.8,4.5,34.1,7.9,7.6,11.7,3.8,35.2,6.7,7.6,11.9,5.2,36.5,7.6,7.5,12.1,4.6,35.3,6.9,7.2,12.2,4.8,34.9,6.3,5.8,12.4,5.3,36.8,6.4,5.8,11.8,5.3,36.2,6.2,5.8,10.6,6.8,36.7,6.6,5.9,11.8,7.5,35.1,6.7,6.0,11.8,5.4,36.3,5.1,6.0,11.3,5.7,35.6,4.6,6.3,11.1,5.8,36.6,4.8,5.9,10.3,8.2,34.8,4.9,4.8,10.2,7.8,35.4,5.2,5.3,9.7,7.4,34.9,5.4,5.1,9.3,9.3,34.8,5.4,5.4,10.2,7.3,35.6,6.1,5.7,10.7,7.9,34.3,5.8,5.8,11.9,8.2,33.8,5.5,6.5,12.8,6.9,35.0,5.6,6.0,12.7,6.4,34.6,6.0,6.3,12.7,4.4,36.2,6.6,5.6,12.4,5.2,35.7,6.1,5.5,12.2,5.9,34.2,6.6,6.6,11.8,5.5,35.2,6.9,5.9,11.8,4.3,35.3,6.6,6.2,10.8,3.7,34.3,5.2,5.4,11.7,4.4,36.5
45,45,Toledo,16.1,60.6,61.8,10.2,179.4,16.4,60.8,61.3,13.8,180.7,16.6,63.4,61.0,12.3,175.6,18.7,57.9,57.9,13.1,184.1,16.5,55.2,55.9,18.6,185.8,14.9,52.2,57.7,21.3,190.8,17.4,48.2,54.7,26.0,191.2,13.1,49.6,50.3,27.9,197.6,13.1,45.4,52.1,32.6,196.7,13.8,43.2,48.0,31.6,196.8,13.1,43.3,50.2,32.4,191.8,12.8,43.9,49.6,40.5,192.1,17.9,38.9,51.1,41.5,198.9,17.3,37.8,53.1,44.2,203.3,17.3,36.9,55.2,43.5,207.9,18.1,35.5,56.9,47.7,199.9,20.4,33.7,58.7,50.0,197.1,19.9,31.2,55.3,51.9,197.7,18.5,28.8,57.3,56.2,191.6,18.8,31.5,54.5,64.7,188.9,16.0,28.7,50.4,67.9,191.8,16.0,28.4,50.6,73.1,191.6,15.6,25.0,48.1,72.6,194.6,17.6,24.5,49.7,71.1,190.6,17.2,25.4,46.7,71.5,190.7,13.8,20.0,47.0,66.6,196.1,11.2,19.8,48.6,63.1,198.2,13.2,20.1,47.5,62.2,196.8,12.6,25.0,50.9,61.4,191.1,15.2,25.8,48.3,62.3,184.6,16.8,24.7,51.0,53.2,192.3,19.2,22.9,48.4,53.7,192.4,17.3,23.1,51.6,49.3,194.3,13.7,25.6,51.3,51.3,191.9,15.4,23.5,53.8,50.7,191.7,22.5,23.2,54.0,46.1,193.8,25.6,25.2,53.8,41.9,194.6,20.6,25.5,58.0,39.8,190.5
46,46,Valencia/ValÃ¨ncia,39.8,180.5,237.1,30.1,827.4,35.8,177.6,233.3,41.1,820.7,36.0,187.0,235.8,40.6,796.3,36.8,172.4,227.1,49.4,824.9,43.9,161.0,225.4,65.6,810.8,36.1,158.4,224.8,75.2,805.6,31.9,152.5,216.6,92.5,794.6,34.2,149.8,198.9,113.0,804.8,34.5,126.4,188.8,122.4,827.5,33.5,132.1,188.9,143.6,808.0,34.6,121.5,183.3,127.4,815.9,30.7,119.6,179.0,140.5,825.6,35.7,105.9,187.1,159.7,806.6,35.5,108.2,184.7,160.8,810.8,35.7,105.9,180.0,158.8,817.4,31.3,96.7,172.5,164.6,835.9,32.2,95.9,172.4,156.6,828.6,32.3,91.4,169.2,172.0,812.9,33.6,91.5,171.6,187.8,800.7,30.4,82.6,172.1,196.8,812.9,32.3,82.1,176.7,203.5,797.8,35.4,75.7,176.7,190.9,795.6,32.1,66.7,178.5,194.1,784.1,33.8,68.7,172.5,198.1,793.1,25.2,65.3,158.1,208.8,803.2,29.7,67.0,163.7,191.4,809.4,28.4,64.7,161.7,192.9,784.7,33.0,70.0,179.5,175.4,791.0,37.4,63.1,189.4,168.5,789.5,36.0,64.8,196.7,158.5,786.7,39.0,66.8,197.9,154.4,792.0,35.7,69.1,196.8,157.5,794.5,33.0,69.6,188.7,150.3,818.3,35.3,68.6,169.9,148.4,823.5,32.7,70.0,165.0,139.8,838.8,42.0,64.7,168.8,145.1,848.6,40.1,62.8,180.3,136.8,834.7,34.8,69.0,191.1,130.5,822.1
47,47,Valladolid,10.7,29.1,44.7,8.8,170.8,12.8,26.8,48.7,8.1,170.5,10.9,26.6,46.8,6.7,173.6,11.1,28.5,45.5,9.4,169.5,12.0,27.1,42.7,10.0,171.5,10.6,23.5,40.1,13.1,179.3,9.4,22.0,40.1,11.7,182.3,9.9,21.2,36.8,14.9,184.0,15.9,23.5,34.9,15.5,175.8,16.9,23.9,32.9,18.8,174.3,15.0,26.3,33.6,22.0,173.2,10.1,27.8,33.9,20.5,176.3,8.9,22.1,35.3,25.0,178.7,9.0,20.0,37.2,24.6,180.3,7.4,17.1,37.7,25.7,184.9,7.6,15.2,44.4,26.0,179.3,9.1,17.3,41.4,23.4,176.3,9.9,18.1,41.1,25.6,176.2,13.0,17.7,40.0,27.7,173.8,13.2,20.5,39.1,27.0,166.4,12.3,20.1,36.4,27.1,168.3,9.5,19.5,35.4,27.9,171.2,10.3,16.4,35.0,29.2,168.5,11.2,13.5,35.3,33.7,165.0,10.0,13.6,35.8,30.7,163.9,8.8,12.9,34.2,27.9,169.2,10.4,12.3,38.2,21.3,170.2,8.9,10.2,38.5,25.7,167.2,8.4,11.8,40.6,23.7,167.1,11.4,13.2,39.6,22.5,167.4,9.3,11.0,39.6,23.9,169.7,8.7,11.9,41.8,23.6,170.3,12.2,9.5,39.6,22.1,171.5,13.2,12.7,42.0,17.3,167.3,11.1,10.5,42.3,18.1,166.3,10.0,11.9,41.9,19.8,167.7,8.2,14.0,41.0,15.2,170.1,9.4,12.8,40.7,17.2,171.1
48,49,Zamora,11.9,10.2,12.3,3.5,42.7,12.2,9.2,14.0,3.0,42.9,10.7,10.8,11.3,4.6,47.3,12.0,10.5,11.2,3.9,45.7,11.1,9.4,12.3,4.4,43.4,10.2,9.2,13.5,7.0,43.4,8.8,7.7,11.6,4.3,43.8,10.6,8.6,11.5,5.7,44.0,8.7,9.6,10.6,5.6,44.9,9.5,10.2,10.0,6.9,47.9,10.5,10.2,9.0,6.8,49.2,9.7,7.9,9.0,7.4,49.0,10.6,8.9,7.9,9.5,47.0,10.7,8.4,8.1,8.7,45.8,9.5,8.4,8.2,8.5,48.8,9.0,9.4,8.3,6.9,46.2,10.3,9.3,5.9,7.7,46.9,9.8,8.7,7.5,8.9,45.2,8.8,8.0,6.9,11.0,43.4,9.9,7.1,7.2,11.0,40.3,8.8,7.2,8.5,11.4,40.4,8.2,6.3,8.0,12.6,42.6,8.6,5.8,9.4,12.2,42.5,9.9,7.4,8.5,12.2,40.8,8.0,8.4,8.6,12.1,42.9,7.9,8.2,8.1,12.3,45.2,7.7,7.7,9.8,13.4,46.5,7.6,8.4,7.8,14.4,47.3,6.4,8.0,7.4,15.3,47.7,6.5,6.1,6.7,12.2,49.9,7.4,5.7,7.6,9.5,49.6,8.8,5.9,7.2,9.3,50.8,9.9,5.7,7.5,10.0,46.9,10.8,6.0,8.0,9.3,45.8,11.7,5.8,7.7,7.9,48.7,11.8,6.6,8.0,7.7,49.2,11.1,5.8,7.4,8.4,49.1,9.9,6.4,7.9,8.8,49.1
49,50,Zaragoza,16.7,55.2,107.1,8.5,299.9,16.6,55.2,106.1,10.7,303.2,13.7,48.7,104.0,9.8,314.4,11.5,54.4,99.6,13.8,317.2,9.9,54.9,94.1,16.4,318.4,11.8,53.5,93.2,17.1,313.1,13.9,50.0,91.2,19.4,313.9,17.2,52.4,90.6,22.8,306.2,15.6,53.4,87.3,33.4,300.5,17.3,50.9,89.0,32.4,294.6,19.3,46.2,91.1,33.1,291.4,19.0,41.8,92.0,40.3,288.7,14.3,36.1,87.7,46.5,293.8,11.3,35.6,91.6,41.5,305.3,14.9,36.3,87.8,41.2,303.5,13.9,34.9,86.8,42.2,306.8,13.5,30.9,85.5,42.2,313.2,16.8,32.4,79.9,48.0,315.6,18.5,33.6,81.9,51.7,309.6,19.6,31.7,80.4,55.9,309.2,18.5,30.1,75.7,63.7,300.8,22.1,25.9,74.1,58.8,304.5,22.5,23.0,75.7,62.5,304.4,19.9,22.5,70.2,62.4,306.6,17.7,22.1,75.6,66.3,299.9,15.9,22.7,78.6,67.4,300.2,15.7,22.9,76.1,57.6,307.5,19.1,24.8,79.7,49.4,301.1,20.0,24.2,83.2,47.4,296.6,22.7,20.5,88.9,48.3,293.9,22.0,21.9,89.9,42.3,297.2,13.9,20.5,89.8,42.2,303.4,17.8,23.3,90.0,43.1,301.7,21.1,23.2,83.5,46.2,306.4,20.6,22.5,82.6,46.7,305.0,22.6,19.5,83.7,39.2,312.5,22.0,20.6,85.4,34.9,312.2,23.2,23.2,82.4,32.4,315.6
50,51,Ceuta,0.1,2.5,1.3,2.1,25.8,0.1,1.9,1.1,3.8,26.1,0.0,1.7,1.1,3.7,26.6,0.0,2.1,0.8,3.6,28.3,0.0,2.0,1.6,3.1,29.6,0.0,2.5,1.5,3.1,27.8,0.2,2.0,1.4,4.3,27.0,0.1,2.5,1.3,4.1,25.5,0.2,2.1,1.5,5.3,26.8,0.0,2.6,2.0,5.3,25.6,0.0,3.9,1.3,4.8,24.8,0.0,2.4,1.1,5.9,25.9,0.0,2.9,0.6,6.2,26.5,0.0,2.1,0.3,5.9,28.1,0.0,1.9,0.5,5.7,26.9,0.0,2.4,0.7,6.4,29.9,0.2,2.1,0.3,8.4,27.7,0.2,2.1,0.5,9.3,27.2,0.5,1.2,1.3,10.4,25.6,0.2,1.6,1.1,10.0,24.8,0.0,1.1,1.0,11.8,27.5,0.0,0.6,1.4,10.5,26.3,0.0,1.0,1.9,8.9,26.5,0.1,0.6,1.8,10.7,25.0,0.2,0.4,1.3,8.6,26.3,0.2,0.3,1.0,9.4,26.3,0.2,0.9,1.5,9.4,26.8,0.1,1.6,0.9,10.4,26.5,0.1,1.6,0.8,9.0,25.4,0.0,1.3,0.7,6.8,27.6,0.0,1.5,0.7,8.8,28.1,0.0,1.2,0.3,6.2,28.4,0.0,1.6,0.2,6.3,30.0,0.0,1.4,0.3,7.1,29.3,0.0,1.4,0.5,7.5,27.4,0.0,1.2,0.7,5.8,28.2,0.0,1.2,1.0,5.4,29.9,0.0,1.1,0.6,4.3,28.9
51,52,Melilla,0.0,1.9,1.0,3.6,23.8,0.0,2.2,0.9,3.0,23.9,0.0,1.5,0.8,4.1,24.6,0.0,1.6,0.7,2.5,22.8,0.2,1.9,0.7,5.5,21.8,0.0,2.3,0.5,5.2,23.3,0.0,1.9,0.1,4.2,23.5,0.0,2.4,0.5,3.7,23.2,0.0,2.9,0.4,4.6,23.3,0.0,2.9,0.3,5.1,22.3,0.0,2.7,0.3,5.0,23.8,0.0,2.3,0.3,4.6,24.8,0.0,2.4,0.4,3.8,28.2,0.0,1.3,0.5,5.0,26.6,0.0,1.2,0.7,5.7,26.8,0.0,1.3,0.6,5.9,25.4,0.0,1.3,0.5,5.6,25.7,0.0,3.1,0.5,6.8,25.6,0.0,2.4,0.8,6.9,25.6,0.0,3.0,0.7,6.0,25.6,0.0,2.4,0.8,5.5,26.8,0.0,2.2,0.5,5.5,27.8,0.1,2.2,0.8,9.8,25.1,0.0,0.9,1.0,8.4,25.9,0.0,1.1,0.5,6.0,26.5,0.0,1.0,0.9,7.3,24.8,0.0,2.0,0.4,6.5,24.4,0.0,1.9,0.9,7.1,24.5,0.0,1.4,1.0,8.8,24.7,0.0,0.8,0.8,9.1,25.1,0.0,0.9,0.7,8.3,26.0,0.0,1.1,0.7,7.7,25.1,0.0,1.1,1.0,7.8,25.3,0.0,0.9,0.9,9.0,25.1,0.0,1.0,0.6,8.7,26.8,0.0,1.3,1.3,7.5,27.2,0.0,1.1,0.4,8.1,26.4,0.1,1.0,0.4,8.1,27.8
